BranchRA,,,,
1,,,,
2,,,,
3,,,,
4,,,,
5,,,,
6,,,,
9,,,,
14,,,,
15,,,,
16,,,,
18,,,,
20,,,,
25,,,,
31,,,,
32,,,,
33,,,,
46,,,,
49,,,,
50,,,,
52,,,,
55,,,,
58,,,,
64,,,,
65,,,,
71,,,,
72,,,,
73,,,,
74,,,,
75,,,,
80,,,,
88,,,,
92,,,,
94,,,,
95,,,,
99,,,,
117,,,,
120,,,,
123,,,,
130,,,,
131,,,,
134,,,,
135,,,,
138,,,,
139,,,,
142,,,,
145,,,,
146,,,,
147,,,,
148,,,,
149,,,,
156,,,,
197,,,,
218,,,,
228,,,,
229,,,,
231,,,,
238,,,,
241,,,,
242,,,,
244,,,,
245,,,,
249,,,,
250,,,,
269,,,,
270,,,,
272,,,,
274,,,,
275,,,,
276,,,,
277,,,,
287,,,,
290,,,,
294,,,,
308,,,,
310,,,,
314,,,,
316,,,,
317,,,,
340,,,,
343,,,,
351,,,,
352,,,,
353,,,,
399,,,,
413,,,,
416,,,,
424,,,,
425,,,,
432,,,,
433,,,,
438,,,,
440,,,,
441,,,,
443,,,,
444,,,,
445,,,,
448,,,,
450,,,,
452,,,,
453,,,,
457,,,,
472,,,,
473,,,,
474,,,,
527,,,,
759,,,,
767,,,,
847,,,,
848,,,,
855,,,,
858,,,,
1025,,,,
1028,,,,
1033,,,,
1036,,,,
1041,,,,
1049,,,,
1063,,,,
1090,,,,
1132,,,,
1144,,,,
1145,,,,
1191,,,,
1195,,,,
1204,,,,
1205,,,,
1226,,,,
1227,,,,
1267,,,,
1268,,,,
1274,,,,
1286,,,,
1287,,,,
1296,,,,
1298,,,,
1299,,,,
1310,,,,
1327,,,,
1328,,,,
1330,,,,
1332,,,,
1340,,,,
1387,,,,
1425,,,,
1469,,,,
1479,,,,
1524,,,,
1526,,,,
1527,,,,
1602,,,,
1603,,,,
1604,,,,
1659,,,,
1663,,,,
1716,,,,
1736,,,,
1743,,,,
1745,,,,
1759,,,,
1781,,,,
1782,,,,
1786,,,,
1787,,,,
1794,,,,
1795,,,,
1800,,,,
1817,,,,
1819,,,,
1875,,,,
1887,,,,
1888,,,,
1896,,,,
1960,,,,
1980,,,,
1983,,,,
1987,,,,
1989,,,,
2003,,,,
2005,,,,
2024,,,,
2026,,,,
2029,,,,
2071,,,,
2082,,,,
2126,,,,
2127,,,,
2167,,,,
2189,,,,
2190,,,,
2191,,,,
2196,,,,
2199,,,,
2203,,,,
2245,,,,
2260,,,,
2267,,,,
2268,,,,
2269,,,,
2270,,,,
2273,,,,
2275,,,,
2277,,,,
2353,,,,
2355,,,,
2358,,,,
2401,,,,
2403,,,,
2404,,,,
2414,,,,
2415,,,,
2447,,,,
2450,,,,
2458,,,,
2497,,,,
2526,,,,
2530,,,,
2551,,,,
2552,,,,
2553,,,,
2554,,,,
2592,,,,
2596,,,,
2679,,,,
2681,,,,
2854,,,,
2880,,,,
2935,,,,
2938,,,,
2997,,,,
3065,,,,
3066,,,,
3067,,,,
3124,,,,
3144,,,,
3195,,,,
3196,,,,
3197,,,,
3232,,,,
3260,,,,
3286,,,,
3290,,,,
3291,,,,
3335,,,,
3336,,,,
3390,,,,
3394,,,,
3397,,,,
3426,,,,
3514,,,,
3574,,,,
3575,,,,
3576,,,,
3719,,,,
3720,,,,
3733,,,,
3752,,,,
3832,,,,
3963,,,,
3995,,,,
4100,,,,
4129,,,,
4179,,,,
4184,,,,
4275,,,,
4512,,,,
4534,,,,
4535,,,,
4536,,,,
4537,,,,
5036,,,,
5039,,,,
5170,,,,
5321,,,,
