BranchSACI,,,,
1,,,,
3,,,,
4,,,,
8,,,,
9,,,,
12,,,,
13,,,,
16,,,,
18,,,,
19,,,,
33,,,,
40,,,,
49,,,,
70,,,,
71,,,,
72,,,,
74,,,,
76,,,,
88,,,,
92,,,,
96,,,,
117,,,,
123,,,,
131,,,,
135,,,,
139,,,,
208,,,,
229,,,,
231,,,,
242,,,,
244,,,,
249,,,,
250,,,,
272,,,,
285,,,,
287,,,,
294,,,,
310,,,,
314,,,,
316,,,,
317,,,,
399,,,,
400,,,,
416,,,,
423,,,,
424,,,,
425,,,,
433,,,,
443,,,,
444,,,,
450,,,,
453,,,,
454,,,,
455,,,,
472,,,,
473,,,,
474,,,,
480,,,,
527,,,,
858,,,,
1049,,,,
1095,,,,
1202,,,,
1274,,,,
1286,,,,
1298,,,,
1299,,,,
1327,,,,
1330,,,,
1387,,,,
1524,,,,
1600,,,,
1602,,,,
1603,,,,
1604,,,,
1716,,,,
1736,,,,
1786,,,,
1787,,,,
1817,,,,
1959,,,,
1980,,,,
2003,,,,
2005,,,,
2172,,,,
2178,,,,
2199,,,,
2260,,,,
2269,,,,
2270,,,,
2277,,,,
2336,,,,
2353,,,,
2414,,,,
2415,,,,
2450,,,,
2497,,,,
2880,,,,
2884,,,,
3124,,,,
3260,,,,
3286,,,,
3290,,,,
3291,,,,
3335,,,,
3390,,,,
3456,,,,
4125,,,,
4129,,,,
4344,,,,
,,,,
,,,,
,,,,
,,,,
,,,,
,,,,
,,,,
,,,,
,,,,
,,,,
,,,,
,,,,
,,,,
,,,,
,,,,
,,,,
,,,,
,,,,
,,,,
,,,,
,,,,
,,,,
,,,,
,,,,
,,,,
,,,,
,,,,
,,,,
,,,,
,,,,
,,,,
,,,,
,,,,
,,,,
,,,,
,,,,
,,,,
,,,,
,,,,
,,,,
,,,,
,,,,
,,,,
,,,,
,,,,
,,,,
,,,,
,,,,
,,,,
,,,,
,,,,
,,,,
,,,,
,,,,
,,,,
,,,,
,,,,
,,,,
,,,,
,,,,
,,,,
,,,,
,,,,
,,,,
,,,,
,,,,
,,,,
,,,,
,,,,
,,,,
,,,,
,,,,
,,,,
,,,,
,,,,
,,,,
,,,,
,,,,
,,,,
,,,,
,,,,
,,,,
,,,,
,,,,
,,,,
,,,,
,,,,
,,,,
,,,,
,,,,
,,,,
,,,,
,,,,
,,,,
,,,,
,,,,
,,,,
,,,,
,,,,
,,,,
,,,,
,,,,
,,,,
,,,,
,,,,
,,,,
,,,,
,,,,
,,,,
,,,,
,,,,
,,,,
,,,,
,,,,
,,,,
,,,,
,,,,
,,,,
,,,,
,,,,
,,,,
,,,,
,,,,
,,,,
,,,,
,,,,
,,,,
,,,,
,,,,
,,,,
,,,,
,,,,
,,,,
,,,,
,,,,
,,,,
,,,,
,,,,
,,,,
,,,,
,,,,
,,,,
,,,,
,,,,
,,,,
,,,,
,,,,
,,,,
,,,,
,,,,
,,,,
,,,,
,,,,
,,,,
,,,,
,,,,
,,,,
,,,,
,,,,
,,,,
,,,,
,,,,
,,,,
