BranchUni,,,,
16,,,,
18,,,,
19,,,,
30,,,,
33,,,,
49,,,,
62,,,,
72,,,,
74,,,,
75,,,,
92,,,,
96,,,,
114,,,,
115,,,,
139,,,,
171,,,,
219,,,,
222,,,,
229,,,,
242,,,,
244,,,,
271,,,,
273,,,,
285,,,,
287,,,,
308,,,,
310,,,,
316,,,,
317,,,,
355,,,,
424,,,,
444,,,,
450,,,,
518,,,,
1049,,,,
1103,,,,
1202,,,,
1264,,,,
1286,,,,
1298,,,,
1330,,,,
1390,,,,
1477,,,,
1478,,,,
1494,,,,
1541,,,,
1603,,,,
1604,,,,
1620,,,,
1622,,,,
1716,,,,
1787,,,,
1806,,,,
1854,,,,
1855,,,,
2014,,,,
2031,,,,
2032,,,,
2191,,,,
2272,,,,
2277,,,,
2410,,,,
2416,,,,
2430,,,,
2446,,,,
2497,,,,
2654,,,,
2655,,,,
2680,,,,
2763,,,,
2931,,,,
3057,,,,
3124,,,,
3156,,,,
3370,,,,
3372,,,,
3390,,,,
3713,,,,
4129,,,,
4546,,,,
5091,,,,
,,,,
,,,,
,,,,
,,,,
,,,,
,,,,
,,,,
,,,,
,,,,
,,,,
,,,,
,,,,
,,,,
,,,,
,,,,
,,,,
,,,,
,,,,
,,,,
,,,,
,,,,
,,,,
,,,,
,,,,
,,,,
,,,,
,,,,
,,,,
,,,,
,,,,
,,,,
,,,,
,,,,
,,,,
,,,,
,,,,
,,,,
,,,,
,,,,
,,,,
,,,,
,,,,
,,,,
,,,,
,,,,
,,,,
,,,,
,,,,
,,,,
,,,,
,,,,
,,,,
,,,,
,,,,
,,,,
,,,,
,,,,
,,,,
,,,,
,,,,
,,,,
,,,,
,,,,
,,,,
,,,,
,,,,
,,,,
,,,,
,,,,
,,,,
,,,,
,,,,
,,,,
,,,,
,,,,
,,,,
,,,,
,,,,
,,,,
,,,,
,,,,
,,,,
,,,,
,,,,
,,,,
,,,,
,,,,
,,,,
,,,,
,,,,
,,,,
,,,,
,,,,
,,,,
,,,,
,,,,
,,,,
,,,,
,,,,
,,,,
,,,,
,,,,
,,,,
,,,,
,,,,
,,,,
,,,,
,,,,
,,,,
,,,,
,,,,
,,,,
,,,,
,,,,
,,,,
,,,,
,,,,
,,,,
,,,,
,,,,
,,,,
,,,,
,,,,
,,,,
,,,,
,,,,
,,,,
,,,,
,,,,
,,,,
,,,,
,,,,
,,,,
,,,,
,,,,
,,,,
,,,,
,,,,
,,,,
,,,,
,,,,
,,,,
,,,,
,,,,
,,,,
,,,,
,,,,
,,,,
,,,,
,,,,
,,,,
,,,,
,,,,
,,,,
,,,,
,,,,
,,,,
,,,,
,,,,
,,,,
,,,,
,,,,
,,,,
,,,,
,,,,
,,,,
,,,,
,,,,
,,,,
,,,,
,,,,
,,,,
,,,,
,,,,
,,,,
,,,,
,,,,
,,,,
,,,,
,,,,
,,,,
,,,,
,,,,
,,,,
,,,,
,,,,
,,,,
,,,,
,,,,
,,,,
,,,,
,,,,
